-- phpMyAdmin SQL Dump
-- version 4.8.2
-- https://www.phpmyadmin.net/
--
-- Host: localhost:3306
-- Generation Time: Dec 24, 2018 at 01:09 PM
-- Server version: 5.7.19
-- PHP Version: 5.6.39

SET SQL_MODE = "NO_AUTO_VALUE_ON_ZERO";
SET AUTOCOMMIT = 0;
START TRANSACTION;
SET time_zone = "+00:00";


/*!40101 SET @OLD_CHARACTER_SET_CLIENT=@@CHARACTER_SET_CLIENT */;
/*!40101 SET @OLD_CHARACTER_SET_RESULTS=@@CHARACTER_SET_RESULTS */;
/*!40101 SET @OLD_COLLATION_CONNECTION=@@COLLATION_CONNECTION */;
/*!40101 SET NAMES utf8mb4 */;

--
-- Database: `urlibrary`
--

-- --------------------------------------------------------

--
-- Table structure for table `tb_anggota`
--

CREATE TABLE `tb_anggota` (
  `id_anggota` int(11) NOT NULL,
  `nama_anggota` varchar(250) NOT NULL,
  `alamat_anggota` varchar(250) NOT NULL,
  `telepon_anggota` varchar(13) NOT NULL
) ENGINE=InnoDB DEFAULT CHARSET=latin1;

--
-- Dumping data for table `tb_anggota`
--

INSERT INTO `tb_anggota` (`id_anggota`, `nama_anggota`, `alamat_anggota`, `telepon_anggota`) VALUES
(1, 'Pande Muliada', 'Tabanan', '089528529936'),
(2, 'Nyoman Alex', 'Denpasar', '08952390282'),
(3, 'Made Sukrada A', 'Denpasar', '080912318'),
(4, 'Ketut Sukreni', 'Tabanan', '123125312');

-- --------------------------------------------------------

--
-- Table structure for table `tb_buku`
--

CREATE TABLE `tb_buku` (
  `id_buku` int(11) NOT NULL,
  `judul_buku` varchar(255) NOT NULL,
  `id_kategori` int(11) NOT NULL,
  `pengarang_buku` varchar(255) NOT NULL,
  `penerbit_buku` varchar(255) NOT NULL,
  `jumlah_buku` int(20) UNSIGNED NOT NULL
) ENGINE=InnoDB DEFAULT CHARSET=latin1;

--
-- Dumping data for table `tb_buku`
--

INSERT INTO `tb_buku` (`id_buku`, `judul_buku`, `id_kategori`, `pengarang_buku`, `penerbit_buku`, `jumlah_buku`) VALUES
(1, 'Harry Potter', 1, 'Mr Mul', 'PT Nusantara', 5),
(2, 'The Lost Tower', 4, 'Awkarin', 'PT Nusantara', 17);

-- --------------------------------------------------------

--
-- Table structure for table `tb_kategori`
--

CREATE TABLE `tb_kategori` (
  `id_kategori` int(11) NOT NULL,
  `nama_kategori` varchar(250) NOT NULL
) ENGINE=InnoDB DEFAULT CHARSET=latin1;

--
-- Dumping data for table `tb_kategori`
--

INSERT INTO `tb_kategori` (`id_kategori`, `nama_kategori`) VALUES
(1, 'Drama'),
(4, 'Action'),
(5, 'Science & Fiction'),
(7, 'Supernatural');

-- --------------------------------------------------------

--
-- Table structure for table `tb_kembali`
--

CREATE TABLE `tb_kembali` (
  `id_kembali` int(11) NOT NULL,
  `id_pinjam` int(11) NOT NULL,
  `tgl_kembali` date NOT NULL
) ENGINE=InnoDB DEFAULT CHARSET=latin1;

-- --------------------------------------------------------

--
-- Table structure for table `tb_petugas`
--

CREATE TABLE `tb_petugas` (
  `id_petugas` int(11) NOT NULL,
  `nama_petugas` varchar(255) NOT NULL,
  `username` varchar(255) NOT NULL,
  `password` varchar(255) NOT NULL
) ENGINE=InnoDB DEFAULT CHARSET=latin1;

--
-- Dumping data for table `tb_petugas`
--

INSERT INTO `tb_petugas` (`id_petugas`, `nama_petugas`, `username`, `password`) VALUES
(1, 'Pande Muliada', 'pandemuliada', 'muliadapande'),
(3, 'James Bond', 'jamesbond', 'bondjames');

-- --------------------------------------------------------

--
-- Table structure for table `tb_pinjam`
--

CREATE TABLE `tb_pinjam` (
  `id_pinjam` int(11) NOT NULL,
  `id_anggota` int(11) NOT NULL,
  `id_buku` int(11) NOT NULL,
  `tgl_pinjam` date NOT NULL,
  `tgl_jatuh_tempo` date NOT NULL
) ENGINE=InnoDB DEFAULT CHARSET=latin1;

--
-- Dumping data for table `tb_pinjam`
--

INSERT INTO `tb_pinjam` (`id_pinjam`, `id_anggota`, `id_buku`, `tgl_pinjam`, `tgl_jatuh_tempo`) VALUES
(29, 2, 2, '1970-01-01', '1970-01-01'),
(30, 1, 1, '1970-01-01', '1970-01-01'),
(31, 3, 2, '1970-01-01', '1970-01-01'),
(32, 4, 1, '1970-01-01', '1970-01-01');

--
-- Indexes for dumped tables
--

--
-- Indexes for table `tb_anggota`
--
ALTER TABLE `tb_anggota`
  ADD PRIMARY KEY (`id_anggota`);

--
-- Indexes for table `tb_buku`
--
ALTER TABLE `tb_buku`
  ADD PRIMARY KEY (`id_buku`),
  ADD KEY `id_kategori` (`id_kategori`);

--
-- Indexes for table `tb_kategori`
--
ALTER TABLE `tb_kategori`
  ADD PRIMARY KEY (`id_kategori`);

--
-- Indexes for table `tb_kembali`
--
ALTER TABLE `tb_kembali`
  ADD PRIMARY KEY (`id_kembali`),
  ADD KEY `id_pinjam` (`id_pinjam`);

--
-- Indexes for table `tb_petugas`
--
ALTER TABLE `tb_petugas`
  ADD PRIMARY KEY (`id_petugas`);

--
-- Indexes for table `tb_pinjam`
--
ALTER TABLE `tb_pinjam`
  ADD PRIMARY KEY (`id_pinjam`),
  ADD KEY `tb_pinjam_ibfk_1` (`id_buku`),
  ADD KEY `tb_pinjam_ibfk_2` (`id_anggota`);

--
-- AUTO_INCREMENT for dumped tables
--

--
-- AUTO_INCREMENT for table `tb_anggota`
--
ALTER TABLE `tb_anggota`
  MODIFY `id_anggota` int(11) NOT NULL AUTO_INCREMENT, AUTO_INCREMENT=5;

--
-- AUTO_INCREMENT for table `tb_buku`
--
ALTER TABLE `tb_buku`
  MODIFY `id_buku` int(11) NOT NULL AUTO_INCREMENT, AUTO_INCREMENT=3;

--
-- AUTO_INCREMENT for table `tb_kategori`
--
ALTER TABLE `tb_kategori`
  MODIFY `id_kategori` int(11) NOT NULL AUTO_INCREMENT, AUTO_INCREMENT=8;

--
-- AUTO_INCREMENT for table `tb_kembali`
--
ALTER TABLE `tb_kembali`
  MODIFY `id_kembali` int(11) NOT NULL AUTO_INCREMENT;

--
-- AUTO_INCREMENT for table `tb_petugas`
--
ALTER TABLE `tb_petugas`
  MODIFY `id_petugas` int(11) NOT NULL AUTO_INCREMENT, AUTO_INCREMENT=4;

--
-- AUTO_INCREMENT for table `tb_pinjam`
--
ALTER TABLE `tb_pinjam`
  MODIFY `id_pinjam` int(11) NOT NULL AUTO_INCREMENT, AUTO_INCREMENT=33;

--
-- Constraints for dumped tables
--

--
-- Constraints for table `tb_buku`
--
ALTER TABLE `tb_buku`
  ADD CONSTRAINT `tb_buku_ibfk_1` FOREIGN KEY (`id_kategori`) REFERENCES `tb_kategori` (`id_kategori`);

--
-- Constraints for table `tb_kembali`
--
ALTER TABLE `tb_kembali`
  ADD CONSTRAINT `tb_kembali_ibfk_1` FOREIGN KEY (`id_pinjam`) REFERENCES `tb_pinjam` (`id_pinjam`) ON DELETE CASCADE ON UPDATE CASCADE;

--
-- Constraints for table `tb_pinjam`
--
ALTER TABLE `tb_pinjam`
  ADD CONSTRAINT `tb_pinjam_ibfk_1` FOREIGN KEY (`id_buku`) REFERENCES `tb_buku` (`id_buku`) ON DELETE NO ACTION ON UPDATE NO ACTION,
  ADD CONSTRAINT `tb_pinjam_ibfk_2` FOREIGN KEY (`id_anggota`) REFERENCES `tb_anggota` (`id_anggota`) ON DELETE NO ACTION ON UPDATE NO ACTION;
COMMIT;

/*!40101 SET CHARACTER_SET_CLIENT=@OLD_CHARACTER_SET_CLIENT */;
/*!40101 SET CHARACTER_SET_RESULTS=@OLD_CHARACTER_SET_RESULTS */;
/*!40101 SET COLLATION_CONNECTION=@OLD_COLLATION_CONNECTION */;
